Subdirectory,Average R,Average G,Average B,Mean
daisy,110.67284125304734,112.08800835857818,87.66304975342415,103.47
dandelion,108.66582027094262,110.43105869752499,72.37673430269486,97.16
roses,126.52690281950873,95.44941660964875,82.81006321619701,101.6
sunflowers,126.82350094516111,120.95572480260691,68.37025296830551,105.38
tulips,124.20118505761891,102.60207225724122,78.99506236363658,101.93
